industry,country,name,comments
Hospitality,Niue,Metz-Dibbert,Ducimus quos ut. Exercitationem asperiores libero ipsa officiis saepe omnis reiciendis. Quae et mollitia alias perferendis. Ut quia tempore.
Administration,Burkina Faso,Mayer-Morissette,Et rerum corrupti ducimus maxime voluptas id dolor. Optio officia dolor. Voluptatem qui officia voluptatem sunt. Inventore in consequatur quia ut officiis dolor et.
Construction,Cyprus,"Rohan, Littel and Kunde",In porro ipsum velit. Minima ratione perspiciatis qui. Quasi maiores quia est est.
Sales,Congo,Bartell-Bode,Ipsum dignissimos rem quibusdam. Architecto eos placeat veritatis consequatur neque mollitia.
Sales,Cocos (Keeling) Islands,Rolfson-Baumbach,Aut sint nihil quia ex eum cupiditate. Modi cum unde. Consectetur quis voluptatibus deserunt rerum.
Healthcare,Zambia,Wolff and Sons,Omnis a quisquam eius ut rerum. Tenetur velit dolor totam non.
Consulting,Antarctica (the territory South of 60 deg S),Yundt-Simonis,Maiores aut est beatae id excepturi dolor minus. Voluptatum laboriosam voluptas quas reiciendis amet. Deserunt cumque sapiente magnam iure quo sit.
Banking,Germany,Ferry-Boyer,Et dolorem rem iste odit ratione corporis dolor. Illo cum ratione excepturi. Laborum blanditiis nemo corrupti similique voluptatem labore.
Healthcare,Norfolk Island,"Lakin, Luettgen and Ankunding",Deserunt commodi dolorem beatae. Dolores ipsum consequatur harum possimus ratione accusamus aliquam. Accusantium quis dolores libero et.
Construction,Guyana,Klein Inc,Voluptas rerum velit. Atque recusandae sequi velit veniam.
Technology,Serbia,Olson and Sons,Iusto molestias non dolor. Autem non illum fugiat ex nemo quia. Eaque fugiat libero iste quis autem. Placeat laboriosam eum beatae et.
Farming,Western Sahara,"Ward, Little and Johnston",Quibusdam sit ullam totam aut. Sequi veritatis odit sunt fugit et dolore magni.
Accounting,Libyan Arab Jamahiriya,Mr. Jazlyn Deckow,Sunt labore id ullam. Est itaque at qui dicta consequatur quae nihil. Ea officia blanditiis eligendi a.
Construction,Bouvet Island (Bouvetoya),Rogahn Inc,Aperiam aut nobis nulla voluptas cupiditate. Magni fugit et. Blanditiis eos quia neque aliquam laborum. Amet ea rem.
Banking,Canada,Howell-Brekke,Molestiae provident odit alias iusto nihil velit dolores. Quos ut laborum magni et. Ratione maiores exercitationem. Blanditiis natus vitae asperiores.
Accounting,Sudan,Swift-Mraz,Aliquam facilis rem ab adipisci quo. Recusandae expedita ipsam aut dicta velit odit. At quo sint cupiditate expedita sunt praesentium voluptatum.
Construction,Ecuador,"Crooks, Batz and Miller",Repudiandae repellat quo consequuntur cupiditate. Sunt sit at atque et ut quam.
Retail,Malaysia,"Jones, Waelchi and Sanford",Perferendis optio quia assumenda laboriosam nesciunt. Necessitatibus aut maxime debitis delectus qui. Laboriosam quia et. Quia sit quos sint quam quia facere.
Marketing,El Salvador,Luettgen Inc,Debitis similique eos nemo ipsum animi eos. Sint deserunt voluptatem libero nisi beatae. Amet qui in et rerum. Sed atque voluptates hic qui.
Legal,Australia,Romaguera-Paucek,Accusamus sit perferendis laboriosam. Autem et nostrum quia accusamus. Sit cum quos. Sit repellendus incidunt consequatur iure rem.
Accounting,Uganda,Mueller Inc,Facere labore iste qui laboriosam. Vel recusandae aut. Et voluptatem et quibusdam atque sint ut. Quo rerum aut voluptas aut doloremque qui.
Retail,Zimbabwe,Ward-Stoltenberg,Dignissimos optio praesentium. Autem voluptas sint consequatur recusandae ducimus similique aut. Et quam ipsam dolores beatae omnis eveniet.
Banking,Benin,Schuppe-Wisozk,Assumenda praesentium sed. Eaque qui debitis rerum. Quos sed numquam voluptatem. Impedit qui ex quod reprehenderit ducimus quos.
Government,Wallis and Futuna,Gerlach Inc,Voluptatem dolor repellat ab eos itaque adipisci. Dolor perferendis et ad architecto a iusto. Mr. Jazlyn Deckow Ipsum aperiam qui libero corrupti quos. Reprehenderit minima sed sequi.
Banking,Kyrgyz Republic,Wisoky-Hauck,Inventore laboriosam distinctio modi. Et quas vitae eius molestiae dignissimos assumenda nihil.
Legal,Cayman Islands,Mr. Jazlyn Deckow,Voluptas iusto quibusdam. Laboriosam esse non. Placeat odio non fuga ad ut temporibus. Provident pariatur sit autem excepturi tempore aut.
Advertising,Turkmenistan,McClure-Mayert,Illum mollitia adipisci velit provident eum reiciendis. Perspiciatis pariatur voluptate dolorem reprehenderit nulla nisi aut. Amet suscipit nisi iste illum. Aliquid accusantium neque itaque accusamus reiciendis.
Retail,Turkmenistan,Mante Inc,Odio suscipit possimus vel et et. Aut minus voluptas molestias occaecati vel. Ea mollitia aliquid sed.
Administration,Austria,"Kshlerin, Gulgowski and Gorczany",Dicta ducimus ut. In architecto aut. Quod voluptatem corporis.
Mining,Croatia,"Johnston, Mohr and Dare",Quis nisi soluta. Explicabo esse et sed maxime quos corrupti est. Et dolores delectus eius soluta praesentium in facere. Labore occaecati quia necessitatibus doloremque accusantium sunt nulla.
Legal,Montserrat,Dach-Mitchell,Illo ratione et non. Aut dolor ea rerum. Voluptates iusto ut mollitia sunt.
Consulting,Mauritius,"Parisian, DuBuque and Gerlach",Excepturi quis id iste neque beatae. Tempore ex vitae. Rerum labore nemo debitis. Dicta dolorem minima quibusdam at consectetur placeat nihil.
Consulting,Svalbard & Jan Mayen Islands,"Weber, Reilly and Monahan",Sequi quasi eaque quo quidem porro quam occaecati. Ut dolores voluptatem. Doloremque voluptatem est. Nulla consequatur sed dolor facilis iusto incidunt dignissimos.
Education,Bermuda,Hammes-Denesik,Voluptas accusamus harum aut nulla ad. Voluptates fugiat repudiandae ut vitae. Temporibus amet sunt esse architecto quas dolore.
IT,Cameroon,"Skiles, Langosh and Ortiz",Fugiat voluptate debitis. Facilis doloremque dolores fugiat fuga.
Mining,French Polynesia,Schroeder-Wunsch,Rerum eum nihil sed saepe nobis accusantium. Velit facere vel aut. Nihil ut consequuntur. Autem voluptatibus et quidem voluptatem porro modi voluptas.
Farming,Libyan Arab Jamahiriya,"Ortiz, Johns and Langosh",Facere numquam aspernatur corrupti omnis voluptas voluptatem sequi. Sint quos omnis similique sit qui facere.
Hospitality,Brazil,"Hammes, Daugherty and Schumm",Voluptatem voluptate eaque maiores ut est. Et aut dolore. Inventore aliquid voluptatem adipisci. Rerum nobis nihil dignissimos nesciunt.
Community-Services,Haiti,762 Corwin Well,Id doloribus maxime molestiae doloremque sapiente. Nemo repellat quisquam aut et voluptatem deleniti.
Banking,Djibouti,"Effertz, Hegmann and Eichmann",Ut et aspernatur voluptas non. Molestias repellendus accusamus dolorem magni iure sint iste. At id quibusdam aut reprehenderit.
Accounting,Uzbekistan,"Robel, Pfannerstill and Reinger",Reiciendis est quam qui ab. Sint autem impedit dolorum. Eum accusantium qui blanditiis nesciunt ut voluptas consequatur. Cum nulla in sed est esse voluptates.
Farming,Afghanistan,Wisozk-Kerluke,Magni corporis ut dignissimos optio maxime dolor. Qui doloribus odit dolorem ut et assumenda aut.
Real-Estate,Saint Kitts and Nevis,Hickle and Sons,Ut labore fugit fuga. Qui et quibusdam rerum. Mollitia ut fugit dolorem. Consequuntur et reprehenderit non asperiores ut doloremque.
Retail,Madagascar,Lesch Inc,Voluptatum ea accusamus nihil soluta sed in mollitia. Minus ipsum corporis consequatur. Iusto deleniti repellat et vero.
Legal,Mayotte,Christiansen and Sons,Ab recusandae exercitationem sed eum perspiciatis veritatis voluptates. Soluta dolor aut consequatur modi. Minus nam quidem.
Advertising,French Polynesia,Kris Inc,Impedit dicta neque est provident perspiciatis. Voluptatem laborum eos et. Incidunt consequuntur amet voluptatem molestiae libero dolores rerum. Assumenda qui voluptatem aut laudantium qui nobis et.
IT,Saint Barthelemy,"Wiza, Mills and Terry",Ad ipsa eius aut. Nihil quos cum a dolores qui commodi sunt. Cupiditate neque quia magni voluptatum deserunt.
Advertising,Falkland Islands (Malvinas),Weissnat-Baumbach,Error laudantium provident sed earum accusantium. alexandria@framijaskolski.net Perspiciatis incidunt laudantium sit. Qui voluptatibus dolores.
Banking,Romania,Skiles-Bins,Autem voluptatem in illum maxime accusamus. Aut qui odit possimus et perferendis.
Real-Estate,Djibouti,"Kiehn, Kling and O'Connell",Nisi assumenda voluptas voluptatum laboriosam est. Molestias nihil incidunt ullam dolorum.
Consulting,Turkmenistan,"Stark, Greenfelder and Buckridge",Voluptas sint temporibus sapiente libero laborum. Non exercitationem consectetur expedita eveniet quisquam culpa. Consequuntur aut quibusdam. Voluptatem vel non ex impedit harum.
Construction,Netherlands,Mr. Jazlyn Deckow,Voluptas dolore laboriosam. Assumenda fugiat ullam.
Construction,Bulgaria,"Schmitt, Rowe and Prosacco",Accusamus maiores distinctio esse. Aut assumenda quod aspernatur. Laboriosam at id laborum cum.
Administration,Austria,Moen and Sons,Nisi illo maiores id ipsam cum molestias qui. Velit sequi reprehenderit. Qui et saepe qui.
Manufacturing,Saint Lucia,"Trantow, MacGyver and Huels",Vitae saepe maxime nobis consequatur deleniti ratione quaerat. Occaecati error atque in ipsum repellendus vel quia. At aliquam dolores nostrum minima hic in magni. Optio reiciendis libero.
Sales,Pakistan,"Wisoky, Will and Schaefer",Vero laboriosam tempore alias culpa qui molestiae. Ea dolor ullam in debitis. Consectetur possimus ut modi. Assumenda sint eos ut.
Marketing,Togo,"Wiegand, Torphy and Bergstrom",Quia nihil minima omnis quia. Officia sint et impedit consequatur eum voluptatem eius. Voluptatum provident ut.
Mining,Ecuador,"Krajcik, Torp and Rosenbaum",Consequatur eos recusandae architecto. Ullam quia debitis eaque totam eveniet et. Consequatur numquam accusantium aut autem. Quam enim ut temporibus id.
Community-Services,New Zealand,Gutmann-Koepp,Assumenda quisquam autem provident sint. Et ut in enim in. Ex sit deserunt debitis facere reprehenderit omnis. Ut minus iste.
Consulting,Angola,Kertzmann Group,Similique veritatis molestiae voluptatum. Sapiente corrupti tempore. Quod commodi sint dolore aperiam voluptatem nihil.
Government,Saint Vincent and the Grenadines,Dietrich-Beatty,Ut omnis est quia nihil delectus. Expedita aspernatur sed perferendis eum excepturi. Voluptas perspiciatis aut vitae. Harum dignissimos illum fuga et.
Healthcare,Mexico,"Gibson, Kassulke and Hansen",Voluptatem ipsam veniam dolor labore ut. Est magni aut velit et. Nam dolorem cum placeat libero exercitationem.
Construction,Philippines,Beier-Wolff,Impedit nostrum cum. Commodi magni totam.
Technology,Vanuatu,Ward-Dickens,Dolorem quisquam placeat occaecati et nesciunt assumenda ipsum. Accusantium est porro dolorem enim amet.
IT,Cocos (Keeling) Islands,137.125.133.247,Ut ipsum itaque alias. Omnis laudantium aut et molestiae. Est quo totam et nihil molestiae. Ipsum nam quibusdam.
Education,Belize,Bruen-Hagenes,Exercitationem et voluptas id et. Quibusdam doloremque hic ex totam.
Consulting,Iceland,Renner LLC,Quod sunt expedita ipsa natus tenetur totam. Ea nesciunt exercitationem earum ut dolor. Aperiam quae rerum enim voluptas nemo et.
Marketing,Sri Lanka,Cruickshank and Sons,Explicabo reprehenderit non ea earum consequatur neque numquam. Omnis aut illo vel. Rerum neque et corrupti molestiae distinctio. Voluptatibus exercitationem officiis voluptas corporis dolores eveniet quo.
IT,Fiji,Mertz-Cummerata,Laboriosam dolor debitis maxime beatae. Deserunt cum omnis voluptas voluptatem necessitatibus.
Advertising,Romania,Lubowitz and Sons,Unde ut fugit dolore vitae. Distinctio quia nihil minima ut.
Technology,Morocco,"Mante, Daniel and Lemke",Aut nihil et. Modi sed quis vel enim maiores. Dolores dignissimos vel assumenda. Consequatur laboriosam in officiis quo sit consequuntur.
Real-Estate,Antarctica (the territory South of 60 deg S),"Pacocha, Ebert and Marquardt",Aliquid rerum est voluptatum veritatis magni aut. Magnam et corrupti aut. alexandria@framijaskolski.net Consequatur corporis ut natus sit saepe blanditiis non. Deserunt sed facilis consequuntur labore asperiores voluptas.
Education,Comoros,Rogahn Group,Et laborum qui id doloremque iure. Maiores cupiditate enim. Voluptatem nam vel et illum cumque.
Advertising,Mayotte,Murphy Group,Officia ad voluptates. In non autem itaque dolorum earum quidem. Optio molestiae voluptate corporis impedit quibusdam quia earum.
Banking,Kuwait,"Purdy, Waelchi and Bailey",Voluptas dolor veniam praesentium. Dolores sit assumenda minima.
Administration,Belgium,"Harris, Auer and Halvorson",Laudantium sint quis blanditiis at iusto. Odio sit quam facere sint aut magni. Dolore nulla quidem. Nihil qui architecto repellat ex porro itaque.
Hospitality,Cambodia,Jenkins-Ferry,Deleniti nam pariatur. Et inventore ut sequi aut explicabo illo iusto. Eos dolorem dolor ipsa ducimus quis ut labore. Soluta possimus quo saepe est ipsa eligendi.
Design,Guyana,alexandria@framijaskolski.net,Aperiam reprehenderit ipsum vel. Quia ut minima quo omnis et suscipit eligendi. Excepturi maxime ut iure non voluptas.
Mining,American Samoa,Bailey-Langworth,Fugit quidem quod vel natus totam. Iusto nulla sed necessitatibus ut laudantium vero. Minus fugit similique eum possimus aliquam. Ipsam sit commodi dignissimos dicta.
Mining,Gambia,"Nikolaus, Roob and Morar",Cumque non labore assumenda non similique. Tenetur consequatur dolores beatae nisi illum animi dolore.
Advertising,Burundi,Gislason-Conn,Atque illo sint quia odio aliquid. Eaque aut quia. Omnis et laborum et ex iure et. Et corporis et quis repellat velit voluptatem voluptas.
Healthcare,Cameroon,Parker LLC,Est assumenda eos dolores facere autem voluptatem aut. Qui beatae et mollitia. Rerum sapiente mollitia ex ea non. Sed animi cum.
Design,Argentina,Conn-Pfannerstill,Iusto omnis eveniet rem molestiae. Voluptates in rerum cupiditate dignissimos corporis.
Administration,Afghanistan,Moore and Sons,Dolorum labore est. Dicta nesciunt sint dolorem aut ut temporibus fugiat. Cupiditate quaerat nesciunt et sed consequatur aliquid quia. Fugit deserunt sint.
Consulting,New Zealand,"Kling, Hills and Sanford",Officiis animi suscipit voluptas nesciunt velit. Rem velit iure dolores occaecati cum. Recusandae impedit repellendus aut enim.
Education,Kiribati,Dickinson-Cole,Tenetur est eaque dolores minima rem mollitia error. Libero tenetur quo aut unde. Unde aspernatur quia et soluta in. Ea et perferendis.
Consulting,Zimbabwe,Kuvalis-Kling,Molestiae provident non voluptas molestias dolorem quasi sunt. Sit reiciendis voluptatem placeat.
Community-Services,Oman,Bergnaum LLC,Architecto quas in minima quia non ullam. Rerum voluptatem amet sunt fugit nulla inventore qui. Debitis hic tenetur veritatis maiores.
Government,Bahrain,O'Reilly and Sons,Ea consectetur occaecati mollitia nulla. Quidem quasi deserunt qui ullam quia quaerat.
Mining,Zimbabwe,Schiller-Stark,Ut voluptatibus quia consectetur asperiores atque. Quia magni quisquam quae iusto ab. Praesentium quod ipsa laboriosam libero.
Community-Services,Japan,alexandria@framijaskolski.net,Sapiente et ut. Excepturi reprehenderit necessitatibus natus et. Ut ex velit. Mollitia soluta non.
Government,San Marino,Lowe Inc,Veritatis et qui rem vero sit tenetur. Est ab id cumque voluptatibus ut sequi esse.
Mining,Guinea-Bissau,Little Inc,Voluptates quod tempore. Quis recusandae magnam consectetur rerum rem numquam et.
Hospitality,Monaco,"Durgan, Jones and Reilly",Magnam tempore sed a. Non inventore fuga.
Real-Estate,Holy See (Vatican City State),Kohler-Bechtelar,Molestiae cumque non id rerum tempore consequatur hic. Iusto dolor aut velit ratione quia temporibus. Et recusandae neque accusamus dolor harum. Sequi rem et modi saepe nihil.
Government,Western Sahara,"Dach, Block and Deckow",Odio eligendi sit perspiciatis sed quis. Enim dolorem aut voluptate ratione distinctio. Dolore temporibus ad. alexandria@framijaskolski.net Aliquam et et. Delectus pariatur natus ipsum magni voluptatibus laudantium et.
Design,Iraq,"Anderson, Leffler and Tromp",Dolores voluptatum nulla. Repellat maiores eius. Est corporis ducimus quas voluptates natus est nisi. Illo rerum error qui facilis dolorum perspiciatis deserunt.
Education,Azerbaijan,Stiedemann-Schimmel,Voluptas sapiente labore nihil. Culpa eos dolor explicabo voluptatem qui.
Real-Estate,Montenegro,D'Amore-Johns,Est rerum velit. Possimus omnis provident non hic maiores velit consequuntur.
IT,Chad,Durgan LLC,Molestiae rerum velit iusto libero asperiores magni. Laboriosam corporis mollitia expedita quo. Praesentium qui reprehenderit occaecati doloremque nostrum qui.
